<?xml version="1.0" encoding="UTF-8"?>
<!DOCTYPE generatorConfiguration
        PUBLIC "-//mybatis.org//DTD MyBatis Generator Configuration 1.0//EN"
        "http://mybatis.org/dtd/mybatis-generator-config_1_0.dtd">

<generatorConfiguration>
    <classPathEntry location="D:/Repository/mysql/mysql-connector-java/8.0.15/mysql-connector-java-8.0.15.jar"/>
    <context id="my" targetRuntime="MyBatis3">
        <!-- 注释生成规则 -->
        <commentGenerator>
            <property name="suppressDate" value="false"/>
            <property name="suppressAllComments" value="true"/>
        </commentGenerator>

        <!-- mysql数据库连接 -->
        <jdbcConnection driverClass="com.mysql.cj.jdbc.Driver"
                        connectionURL="jdbc:mysql://localhost:3306/clouddb01?useUnicode=true&amp;characterEncoding=UTF-8&amp;useSSL=false&amp;allowMultiQueries=true&amp;serverTimezone=GMT%2B8"
                        userId="root"
                        password="tttx">
            <property name="nullCatalogMeansCurrent" value="true"/>
        </jdbcConnection>

        <!-- 生成model实体类文件位置 -->
        <javaModelGenerator targetPackage="com.kevin.springcloud.entity"
                            targetProject="src/main/java">
            <property name="enableSubPackages" value="true"/>
            <property name="trimStrings" value="true"/>
        </javaModelGenerator>

        <!-- 生成mapper.xml配置文件位置 -->
        <sqlMapGenerator targetPackage="mybatis.mapper"
                         targetProject="src/main/resources">
            <property name="enableSubPackages" value="true"/>
        </sqlMapGenerator>

        <!-- 生成mapper接口文件位置 -->
        <javaClientGenerator targetPackage="com.kevin.springcloud.dao"
                             targetProject="src/main/java"
                             type="XMLMAPPER">
            <property name="enableSubPackages" value="true"/>
        </javaClientGenerator>

        <!-- 需要生成的实体类对应的表名，多个实体类复制多份该配置即可 -->
        <table tableName="dept" domainObjectName="Dept"
               enableCountByExample="false" enableUpdateByExample="false"
               enableDeleteByExample="false" enableSelectByExample="false"
               selectByExampleQueryId="false">
            <property name="useActualColumnNames" value="true"/>
        </table>
    </context>
</generatorConfiguration>